0;2.08126499;2.153307216
3;2.126130573;2.160382792
6;1.517952675;2.164885431
9;2.131115638;2.197047139
12;2.026429278;2.201710587
15;2.151055897;2.209590205
18;2.156040961;2.213932036
21;2.141085767;2.217952249
24;2.215861738;2.223098122
27;2.17598122;2.225027825
30;2.17598122;2.246254552
33;1.961623437;2.249631532
36;2.190936415;2.261370555
39;2.200906544;2.264908343
42;2.131115638;2.261852981
45;2.200906544;2.267642088
48;2.205891609;2.270054216
51;2.205891609;2.273431195
54;2.205891609;2.277612217
57;2.200906544;2.281150005
60;2.220846803;2.284205368
63;2.265712386;2.28726073
66;2.220846803;2.289994475
69;2.245772127;2.293693071
72;2.230816932;2.296909242
75;2.235801997;2.300286222
78;1.946668243;2.304145627
81;2.235801997;2.316849501
84;2.245772127;2.31813597
87;2.245772127;2.321030523
90;2.255742256;2.324246694
93;2.300607839;2.327302056
96;2.265712386;2.328749333
99;2.514965622;2.331804695
102;2.275682515;2.321834566
105;2.27069745;2.324568311
108;2.285652644;2.336628952
111;2.28066758;2.339523505
114;2.300607839;2.342418059
117;2.275682515;2.34338291
120;2.834009765;2.346438273
123;2.28066758;2.32794529
126;2.325533162;2.33132227
129;2.300607839;2.333251972
132;2.106190314;2.330839844
135;2.310577968;2.339845122
138;2.275682515;2.34225725
141;2.310577968;2.346438273
144;2.335503292;2.349172018
147;2.315563033;2.35110172
150;2.295622774;2.346438273
153;2.315563033;2.34997606
156;2.350458486;2.352870614
159;2.335503292;2.36428802
162;2.345473421;2.366700149
165;2.335503292;2.36879066
168;2.355443551;2.371202788
171;2.340488357;2.382459385
174;2.275682515;2.385514748
177;2.335503292;2.390017387
180;2.345473421;2.392911941
183;2.350458486;2.400791559
186;2.345473421;2.403846921
189;2.360428615;2.406580666
192;2.205891609;2.408831986
195;2.360428615;2.41606837
198;2.644577305;2.42491284
201;2.37538381;2.419123732
204;2.370398745;2.421214244
207;2.330518227;2.423626372
210;2.370398745;2.440672077
213;2.260727321;2.443566631
216;2.385353939;2.450159781
219;2.385353939;2.4524111
222;2.225831868;2.45466242
225;2.385353939;2.469135188
228;2.385353939;2.463346081
231;2.405294198;2.466401443
234;2.395324069;2.468491954
237;2.395324069;2.470743274
240;2.170996156;2.473155402
243;2.405294198;2.482803914
246;2.405294198;2.482643106
249;2.704398082;2.480230978
252;2.410279263;2.473798636
255;2.410279263;2.475889147
258;2.410279263;2.478301275
261;2.704398082;2.480552595
264;2.435204586;2.473477019
267;2.415264328;2.473637827
270;2.425234457;2.476049956
273;2.589741593;2.47781885
276;2.445174716;2.474763487
279;2.430219522;2.476532381
282;2.430219522;2.478783701
285;2.430219522;2.485376851
288;2.634607176;2.484090383
291;2.465114975;2.478944509
294;2.440189651;2.480391786
297;2.445174716;2.482321489
300;2.858935089;2.484733617
303;2.46012991;2.473959445
306;2.465114975;2.475889147
309;2.455144845;2.477658041
312;2.455144845;2.479748552
315;2.674487694;2.476532381
318;2.205891609;2.469456805
321;2.480070169;2.476049956
324;2.47010004;2.47781885
327;2.465114975;2.479909361
330;2.47010004;2.482321489
333;2.47010004;2.486824128
336;2.400309133;2.491165958
339;2.330518227;2.491487575
342;2.504995493;2.494060512
345;2.475085104;2.494864555
348;2.485055234;2.495668597
351;2.480070169;2.48987949
354;2.485055234;2.49213081
357;2.440189651;2.494221321
360;2.490040299;2.497919917
363;2.480070169;2.500171237
366;2.495025363;2.502744173
369;2.500010428;2.504673876
372;2.500010428;2.503709024
375;2.634607176;2.523327666
378;2.390339004;2.520915538
381;2.475085104;2.526383029
384;2.509980557;2.529599199
387;2.500010428;2.531528902
390;2.519950687;2.532172136
393;2.524935752;2.53394103
396;2.519950687;2.535709924
399;2.519950687;2.537157201
402;2.519950687;2.532172136
405;2.355443551;2.53394103
408;2.455144845;2.541177414
411;2.410279263;2.544554394
414;2.534905881;2.54825299
417;2.534905881;2.549861075
420;2.539890946;2.551790778
423;2.609681852;2.549057033
426;2.604696787;2.548413798
429;2.410279263;2.54825299
432;2.410279263;2.554202906
435;2.529920816;2.560152822
438;2.500010428;2.562404141
441;2.305592903;2.565459504
444;2.549861075;2.577198527
447;2.549861075;2.578967421
450;2.55484614;2.580897124
453;2.559831205;2.583630869
456;2.559831205;2.584756528
459;2.55484614;2.586525422
462;2.47010004;2.587972699
465;3.108188326;2.579932272
468;2.559831205;2.563851418
471;2.559831205;2.566585163
474;2.574786399;2.576716102
477;2.569801334;2.578324187
480;2.519950687;2.580093081
483;2.574786399;2.584756528
486;2.579771464;2.586525422
489;2.56481627;2.587972699
492;2.36541368;2.590224019
495;2.574786399;2.595369892
498;2.579771464;2.597299595
501;2.559831205;2.59890768
504;2.524935752;2.602767085
507;2.584756528;2.594405041
510;2.594726658;2.596173935
513;2.455144845;2.597942829
516;2.589741593;2.595369892
519;2.599711723;2.597299595
522;2.594726658;2.59890768
525;2.594726658;2.600354957
528;2.599711723;2.601963042
531;2.594726658;2.609681852
534;2.669502629;2.611933172
537;2.604696787;2.611450746
540;2.609681852;2.612898023
543;2.639592241;2.6143453
546;2.594726658;2.622385727
549;2.614666917;2.623993812
552;2.599711723;2.625762706
555;2.220846803;2.627049174
558;2.609681852;2.648919136
561;2.644577305;2.650848838
564;2.873890283;2.651492073
567;2.624637046;2.639913858
570;2.624637046;2.641361135
573;2.664517564;2.64296922
576;2.629622111;2.643451646
579;2.624637046;2.640878709
582;2.634607176;2.642808411
585;2.524935752;2.64409488
588;2.634607176;2.649401561
591;2.629622111;2.650366413
594;2.679472758;2.652135307
597;2.265712386;2.652778541
600;2.639592241;2.665643224
603;2.64956237;2.667251309
606;2.37538381;2.668537778
609;2.64956237;2.683975398
612;2.64956237;2.685261866
615;2.639592241;2.686869951
618;2.644577305;2.687191568
621;2.83899483;2.689282079
624;2.664517564;2.684457823
627;2.654547435;2.697322506
630;2.64956237;2.698769783
633;2.654547435;2.697322506
636;2.888845477;2.698769783
639;2.644577305;2.693141484
642;2.669502629;2.66387433
645;2.639592241;2.665160798
648;2.898815607;2.668537778
651;2.669502629;2.662427053
654;2.664517564;2.663552713
657;2.514965622;2.665482415
660;2.669502629;2.67159314
663;2.674487694;2.673040417
666;2.679472758;2.67384446
669;2.549861075;2.674809311
672;2.684457823;2.680276801
675;2.674487694;2.682849738
678;2.689442888;2.684297015
681;2.664517564;2.685422674
684;2.684457823;2.709704764
687;2.699413017;2.710830424
690;2.664517564;2.710830424
693;2.689442888;2.712760126
696;2.689442888;2.714046594
699;2.853950024;2.724338341
702;2.689442888;2.720318128
705;2.699413017;2.722408639
708;2.64956237;2.723534298
711;2.709383147;2.726589661
714;2.689442888;2.727232895
717;3.063322743;2.728197746
720;2.699413017;2.734147662
723;2.604696787;2.735273322
726;2.699413017;2.740580004
729;2.714368212;2.741705663
732;1.737295524;2.742509706
735;2.709383147;2.769847158
738;2.7442786;2.770972818
741;2.709383147;2.770651201
744;2.704398082;2.767756647
747;2.724338341;2.769043115
750;2.704398082;2.770168775
753;2.714368212;2.780299713
756;2.699413017;2.781425373
759;2.709383147;2.783194267
762;2.719353276;2.784319926
765;2.764218859;2.785284778
768;2.719353276;2.785767203
771;2.724338341;2.786892863
774;3.417262339;2.788018523
777;2.719353276;2.758108134
780;2.699413017;2.759233794
783;2.724338341;2.761002688
786;2.729323406;2.762771582
789;3.008487031;2.784480735
792;2.729323406;2.776279499
795;2.754248729;2.777405159
798;2.734308471;2.777565968
801;2.7442786;2.77837001
804;2.729323406;2.778852436
807;2.719353276;2.779013245
810;3.247770138;2.780460521
813;2.734308471;2.764701285
816;2.769203924;2.76630937
819;2.734308471;2.766148561
822;2.739293535;2.767274221
825;2.584756528;2.768239072
828;2.7442786;2.774188988
831;2.734308471;2.782390224
834;2.619651982;2.783515884
837;2.7442786;2.788500948
840;2.759233794;2.789304991
843;3.01845716;2.783837501
846;2.749263665;2.776118691
849;2.754248729;2.776601116
852;2.7442786;2.777887585
855;2.749263665;2.787696906
858;2.779174053;2.788661757
861;2.754248729;2.788500948
864;2.759233794;2.791556311
867;2.490040299;2.792360353
870;2.754248729;2.802008866
873;2.754248729;2.79718461
876;2.779174053;2.798149461
879;3.402307145;2.798631886
882;2.754248729;2.777405159
885;2.764218859;2.778530819
888;2.759233794;2.780138904
891;2.759233794;2.781103756
894;2.759233794;2.782229415
897;2.734308471;2.802812908
900;2.764218859;2.804742611
903;2.759233794;2.806189888
906;2.784159118;2.794450864
909;2.764218859;2.794450864
912;2.769203924;2.795576524
915;2.769203924;2.796541375
918;2.769203924;2.797667035
921;2.998516901;2.798471078
924;2.769203924;2.792038736
927;2.774188988;2.793486013
930;2.769203924;2.794290056
933;2.589741593;2.795254907
936;2.779174053;2.795094099
939;2.764218859;2.795898141
942;2.794129247;2.797506227
945;3.048367549;2.797988652
948;2.779174053;2.789948225
951;2.774188988;2.791877928
954;2.848964959;2.792842779
957;2.784159118;2.80699393
960;2.789144183;2.807637165
963;2.604696787;2.81696406
966;2.784159118;2.823396402
969;2.794129247;2.828703083
972;2.7442786;2.829185509
975;2.789144183;2.83127602
978;2.814069506;2.831919254
981;2.789144183;2.832080063
984;2.794129247;2.831758446
987;3.39732208;2.832562488
990;2.794129247;2.813747889
993;2.809084442;2.81471274
996;2.395324069;2.815195166
999;2.784159118;2.829989552
1002;2.799114312;2.831115211
1005;2.799114312;2.831597637
1008;2.804099377;2.83240168
1011;2.794129247;2.827255807
1014;2.799114312;2.828220658
1017;2.814069506;2.828863892
1020;2.799114312;2.83352734
1023;2.799114312;2.834492191
1026;2.584756528;2.835135425
1029;2.804099377;2.843015043
1032;2.814069506;2.843819086
1035;2.809084442;2.845748789
1038;2.799114312;2.846392023
1041;2.83899483;2.847678491
1044;2.804099377;2.8478393
1047;3.287650656;2.848643342
1050;2.804099377;2.834331382
1053;3.078277937;2.835617851
1056;2.804099377;2.828220658
1059;2.948666254;2.829185509
1062;2.809084442;2.822270742
1065;2.809084442;2.823074784
1068;2.809084442;2.823878827
1071;2.819054571;2.824039636
1074;2.779174053;2.824200444
1077;2.819054571;2.826130147
1080;2.814069506;2.826773381
1083;2.824039636;2.821305891
1086;2.824039636;2.821788316
1089;2.853950024;2.822592359
1092;2.819054571;2.829185509
1095;2.814069506;2.829989552
1098;2.824039636;2.831919254
1101;2.644577305;2.832723297
1104;2.824039636;2.838673213
1107;2.819054571;2.839798873
1110;2.958636384;2.841085341
1113;2.8290247;2.837386745
1116;2.819054571;2.835617851
1119;2.8290247;2.836421893
1122;2.8290247;2.837065127
1125;2.873890283;2.837708362
1128;2.8290247;2.839477256
1131;2.83899483;2.840281298
1134;2.843979895;2.840602915
1137;2.8290247;2.841246149
1140;2.843979895;2.844140703
1143;2.843979895;2.84446232
1146;2.848964959;2.845105554
1149;2.834009765;2.84012049
1152;2.734308471;2.840763724
1155;2.834009765;2.844783937
1158;2.834009765;2.845748789
1161;2.814069506;2.845427172
1164;2.824039636;2.84671364
1167;2.83899483;2.8478393
1170;2.83899483;2.848482534
1173;2.644577305;2.847196065
1176;2.83899483;2.854271641
1179;2.848964959;2.854914875
1182;3.058337678;2.855236492
1185;2.843979895;2.848482534
1188;2.873890283;2.841567767
1191;2.848964959;2.849125768
1194;2.8290247;2.849447385
1197;2.858935089;2.850733853
1200;2.858935089;2.850573045
1203;2.843979895;2.845266363
1206;2.774188988;2.834331382
1209;2.843979895;2.837386745
1212;2.848964959;2.838190787
1215;2.848964959;2.838834021
1218;2.928725995;2.83899483
1221;2.853950024;2.835617851
1224;2.848964959;2.836261085
1227;2.863920154;2.837065127
1230;2.918755866;2.836261085
1233;2.853950024;2.840763724
1236;2.863920154;2.841246149
1239;2.694427953;2.841406958
1242;2.853950024;2.847356874
1245;2.858935089;2.848321725
1248;2.863920154;2.856362152
1251;2.824039636;2.856844578
1254;2.853950024;2.85877428
1257;2.858935089;2.859256706
1260;2.858935089;2.852663556
1263;2.799114312;2.853145981
1266;2.863920154;2.855718918
1269;2.858935089;2.855718918
1272;2.858935089;2.856362152
1275;2.848964959;2.857005386
1278;2.629622111;2.857970238
1281;3.108188326;2.866814707
1284;2.858935089;2.859417514
1287;2.868905218;2.860221557
1290;2.853950024;2.8610256
1293;2.694427953;2.861990451
1296;2.504995493;2.868422793
1299;2.868905218;2.882413136
1302;2.868905218;2.882895561
1305;2.868905218;2.883377987
1308;2.853950024;2.882091519
1311;2.824039636;2.883217178
1314;2.873890283;2.879518582
1317;2.873890283;2.880001008
1320;2.83899483;2.880161816
1323;3.058337678;2.881769902
1326;2.868905218;2.87646322
1329;2.868905218;2.874855134
1332;2.878875348;2.875659177
1335;2.883860413;2.878392922
1338;3.108188326;2.878875348
1341;2.878875348;2.897046713
1344;2.883860413;2.897850755
1347;2.868905218;2.920203143
1350;2.654547435;2.921007185
1353;2.873890283;2.921489611
1356;2.878875348;2.922132845
1359;2.863920154;2.922132845
1362;2.878875348;2.923097696
1365;2.878875348;2.924705782
1368;2.878875348;2.925349016
1371;2.903800671;2.919559908
1374;2.878875348;2.919720717
1377;2.883860413;2.926153058
1380;2.893830542;2.926957101
1383;2.883860413;2.927278718
1386;2.893830542;2.928082761
1389;2.938696125;2.928404378
1392;2.883860413;2.926957101
1395;2.883860413;2.927439527
1398;2.8290247;2.92824357
1401;2.888845477;2.930655698
1404;2.709383147;2.930977315
1407;2.888845477;2.94255553
1410;2.878875348;2.943198764
1413;2.888845477;2.950113531
1416;2.893830542;2.950595957
1419;2.819054571;2.950917574
1422;2.893830542;2.953812127
1425;2.963621448;2.955259404
1428;2.898815607;2.95349051
1431;3.67150064;2.953972936
1434;2.903800671;2.929369229
1437;3.576784411;2.928886804
1440;2.893830542;2.907499268
1443;2.669502629;2.907177651
1446;2.893830542;2.914896461
1449;2.878875348;2.91602212
1452;2.893830542;2.91714778
1455;2.928725995;2.916986972
1458;2.898815607;2.916504546
1461;2.699413017;2.916665355
1464;2.908785736;2.92374093
1467;3.078277937;2.924062547
1470;2.908785736;2.889971137
1473;2.903800671;2.890453563
1476;2.908785736;2.888845477
1479;2.903800671;2.888845477
1482;2.893830542;2.889971137
1485;2.898815607;2.89077518
1488;2.908785736;2.889971137
1491;2.903800671;2.890131946
1494;2.898815607;2.88305637
1497;3.068307808;2.883860413
1500;2.908785736;2.88080505
1503;3.093233131;2.881287476
1506;2.903800671;2.874694326
1509;2.903800671;2.87533756
1512;2.908785736;2.876784837
1515;2.938696125;2.877428071
1518;2.908785736;2.876302411
1521;2.913770801;2.876624028
1524;2.908785736;2.87646322
1527;2.888845477;2.876945645
1530;2.913770801;2.878071305
1533;2.883860413;2.892222457
1536;2.908785736;2.893830542
1539;2.928725995;2.894956202
1542;2.913770801;2.894956202
1545;2.888845477;2.893026499
1548;2.913770801;2.894152159
1551;2.903800671;2.889971137
1554;2.918755866;2.890935988
1557;2.918755866;2.891418414
1560;2.021444214;2.891096797
1563;2.92374093;2.920363951
1566;2.853950024;2.913770801
1569;2.908785736;2.916343738
1572;2.938696125;2.91714778
1575;2.918755866;2.917791014
1578;2.873890283;2.918434249
1581;2.913770801;2.920685568
1584;2.684457823;2.921811228
1587;2.92374093;2.942233912
1590;2.973591578;2.942073104
1593;2.92374093;2.940947444
1596;2.888845477;2.934675911
1599;2.92374093;2.936605614
1602;2.948666254;2.928082761
1605;2.928725995;2.927439527
1608;2.903800671;2.927921952
1611;2.918755866;2.928565187
1614;2.908785736;2.929530038
1617;2.92374093;2.930334081
1620;2.92374093;2.931138123
1623;3.352456497;2.912645141
1626;2.93371106;2.899458841
1629;2.943681189;2.899941266
1632;2.928725995;2.892544074
1635;2.853950024;2.893348116
1638;2.92374093;2.892222457
1641;2.784159118;2.892704882
1644;2.93371106;2.898011564
1647;2.93371106;2.892865691
1650;2.908785736;2.893348116
1653;2.928725995;2.880483433
1656;2.719353276;2.881448284
1659;2.93371106;2.889006286
1662;2.93371106;2.891257605
1665;2.958636384;2.891740031
1668;2.938696125;2.89190084
1671;2.943681189;2.892383265
1674;2.948666254;2.892544074
1677;3.317561044;2.892544074
1680;2.918755866;2.880483433
1683;2.938696125;2.881609093
1686;2.729323406;2.881126667
1689;2.948666254;2.88852386
1692;2.659532499;2.888684669
1695;2.928725995;2.898011564
1698;2.943681189;2.898815607
1701;2.92374093;2.899298032
1704;2.948666254;2.89849399
1707;2.93371106;2.89849399
1710;2.948666254;2.899458841
1713;2.350458486;2.899619649
1716;2.943681189;2.92374093
1719;2.948666254;2.924384165
1722;2.714368212;2.924705782
1725;2.953651319;2.9325854
1728;2.819054571;2.932746209
1731;2.938696125;2.937248848
1734;2.948666254;2.93805289
1737;2.774188988;2.938696125
1740;2.948666254;2.944646041
1743;2.509980557;2.943359572
1746;2.958636384;2.957189107
1749;2.953651319;2.957189107
1752;3.003501966;2.957349915
1755;2.948666254;2.956063447
1758;2.963621448;2.955581021
1761;2.953651319;2.955902638
1764;2.948666254;2.956224255
1767;2.948666254;2.95686749
1770;2.943681189;2.957349915
1773;2.953651319;2.957832341
1776;2.92374093;2.958475575
1779;2.958636384;2.96008366
1782;2.953651319;2.960405277
1785;2.948666254;2.960566086
1788;2.953651319;2.959279618
1791;2.958636384;2.952204042
1794;2.898815607;2.952847276
1797;2.948666254;2.955581021
1800;2.963621448;2.956063447
1803;2.953651319;2.956224255
1806;3.098218196;2.956706681
1809;2.963621448;2.952525659
1812;2.958636384;2.959922852
1815;2.958636384;2.960244469
1818;2.958636384;2.960726895
1821;2.958636384;2.96120932
1824;2.963621448;2.960887703
1827;2.968606513;2.96233498
1830;2.958636384;2.962656597
1833;2.908785736;2.963139023
1836;2.938696125;2.938856933
1839;2.958636384;2.941912295
1842;2.958636384;2.942394721
1845;2.963621448;2.942877147
1848;2.93371106;2.943359572
1851;2.973591578;2.961691746
1854;2.963621448;2.963299831
1857;2.968606513;2.96346064
1860;2.963621448;2.963782257
1863;2.958636384;2.964264682
1866;2.973591578;2.963943065
1869;2.973591578;2.964264682
1872;2.968606513;2.964747108
1875;2.958636384;2.965068725
1878;2.908785736;2.944967658
1881;2.734308471;2.947540594
1884;2.978576642;2.955420213
1887;2.983561707;2.955420213
1890;2.963621448;2.968284896
1893;2.968606513;2.969088939
1896;2.968606513;2.969410556
1899;2.968606513;2.970536215
1902;3.192934426;2.970857833
1905;2.968606513;2.964103874
1908;2.973591578;2.959601235
1911;2.973591578;2.959762043
1914;2.948666254;2.960566086
1917;3.008487031;2.961691746
1920;2.978576642;2.959279618
1923;2.973591578;2.959440426
1926;2.156040961;2.957189107
1929;3.033412355;2.98436575
1932;2.973591578;2.982757664
1935;2.973591578;2.98324009
1938;2.978576642;2.983561707
1941;3.50200844;3.00639652
1944;3.023442225;2.98983324
1947;2.968606513;2.984687367
1950;2.978576642;2.985973835
1953;2.978576642;2.986295452
1956;2.948666254;2.986617069
1959;2.983561707;2.988064346
1962;2.988546772;2.983079282
1965;2.978576642;2.98324009
1968;2.335503292;2.983400899
1971;2.988546772;3.004466817
1974;2.978576642;3.006074903
1977;2.978576642;3.006557328
1980;3.382366886;3.008004605
1983;2.988546772;2.995461539
1986;2.978576642;2.996748007
1989;3.003501966;2.997230433
1992;2.978576642;2.997230433
1995;2.983561707;2.997712859
1998;2.8290247;2.998195284
2001;2.978576642;3.003662775
2004;2.998516901;3.004306009
2007;2.983561707;3.000446604
2010;2.93371106;3.000929029
2013;2.983561707;3.002858732
2016;2.903800671;3.002697923
2019;2.998516901;3.011703202
2022;2.983561707;3.01186401
2025;2.988546772;3.012507244
2028;2.983561707;3.012185627
2031;3.686455835;3.012828861
2034;2.988546772;2.990798091
2037;2.863920154;2.991119709
2040;3.008487031;2.992727794
2043;2.988546772;2.992406177
2046;2.988546772;2.992566985
2049;2.993531837;2.99321022
2052;2.8290247;2.986617069
2055;2.993531837;2.992245368
2058;2.983561707;2.992888603
2061;2.988546772;2.994335879
2064;3.038397419;2.999160136
2067;2.993531837;2.997873667
2070;3.023442225;2.997873667
2073;2.993531837;2.998195284
2076;3.02842729;2.999160136
2079;2.993531837;2.998356093
2082;3.003501966;2.993371028
2085;2.993531837;2.993531837
2088;2.998516901;2.993692645
2091;2.998516901;2.989350815
2094;2.998516901;2.989672432
2097;2.878875348;2.98983324
2100;2.998516901;2.988385963
2103;2.993531837;2.98870758
2106;2.978576642;2.989511623
2109;3.182964297;3.002054689
2112;3.003501966;2.996587199
2115;3.003501966;2.98983324
2118;2.978576642;2.98983324
2121;3.003501966;2.98983324
2124;3.003501966;2.980184728
2127;2.998516901;2.980667153
2130;2.913770801;2.980345536
2133;2.998516901;2.983561707
2136;2.993531837;2.984204941
2139;3.008487031;2.986456261
2142;2.789144183;2.986456261
2145;3.003501966;2.994014262
2148;3.013472096;2.995943965
2151;3.02842729;2.996104773
2154;3.138098714;2.995943965
2157;2.998516901;2.992245368
2160;2.993531837;2.993049411
2163;3.033412355;2.993531837
2166;3.023442225;2.993049411
2169;3.003501966;2.992888603
2172;2.83899483;2.992727794
2175;3.008487031;3.002537115
2178;2.998516901;3.002858732
2181;2.863920154;3.003823583
2184;3.008487031;3.009451882
2187;3.003501966;3.008969456
2190;2.834009765;3.009291074
2193;3.008487031;3.015401798
2196;3.01845716;3.015562607
2199;3.367411692;3.015080181
2202;3.013472096;3.010899159
2205;2.794129247;3.011059968
2208;3.003501966;3.018296352
2211;2.978576642;3.018778777
2214;2.704398082;3.013150479
2217;3.01845716;3.023603034
2220;2.988546772;3.023763842
2223;3.013472096;3.025532736
2226;3.01845716;3.031482652
2229;3.063322743;3.031804269
2232;3.008487031;3.030517801
2235;3.023442225;3.031482652
2238;3.063322743;3.031482652
2241;3.01845716;3.030196184
2244;3.023442225;3.030517801
2247;3.023442225;3.031643461
2250;3.023442225;3.031643461
2253;3.008487031;3.031965078
2256;3.01845716;3.033090737
2259;3.01845716;3.033412355
2262;2.998516901;3.033733972
2265;3.143083779;3.027784056
2268;3.01845716;3.023924651
2271;3.02842729;3.024407076
2274;3.038397419;3.036628525
2277;2.993531837;3.036467717
2280;3.013472096;3.037914994
2283;3.023442225;3.038558228
2286;3.013472096;3.04708108
2289;3.003501966;3.047724315
2292;3.237800009;3.049010783
2295;3.01845716;3.03389478
2298;3.01845716;3.034377206
2301;3.01845716;3.03502044
2304;2.804099377;3.036950142
2307;3.02842729;3.044347335
2310;3.023442225;3.044347335
2313;3.043382484;3.047563506
2316;3.197919491;3.047241889
2319;3.02842729;3.04273925
2322;3.023442225;3.051262102
2325;3.038397419;3.051744528
2328;3.023442225;3.051101294
2331;3.023442225;3.051101294
2334;3.02842729;3.05158372
2337;3.058337678;3.051905337
2340;3.023442225;3.050618868
2343;3.033412355;3.051101294
2346;3.043382484;3.051101294
2349;3.02842729;3.052548571
2352;3.02842729;3.052870188
2355;2.814069506;3.053030996
2358;3.023442225;3.061071423
2361;3.033412355;3.059624147
2364;3.40729221;3.059945764
2367;3.033412355;3.04820674
2370;3.038397419;3.048528357
2373;3.033412355;3.048689166
2376;3.287650656;3.049654017
2379;3.033412355;3.047402697
2382;3.043382484;3.047563506
2385;2.769203924;3.047563506
2388;3.033412355;3.048689166
2391;3.038397419;3.048849974
2394;3.078277937;3.049171591
2397;3.033412355;3.0493324
2400;3.02842729;3.049654017
2403;3.12314352;3.05045806
2406;3.033412355;3.04048793
2409;3.058337678;3.040809547
2412;3.292635721;3.04048793
2415;3.038397419;3.029713758
2418;3.01845716;3.030035375
2421;3.023442225;3.03276912
2424;3.038397419;3.033733972
2427;3.038397419;3.033733972
2430;3.01845716;3.034055589
2433;3.038397419;3.03502044
2436;3.033412355;3.028748907
2439;3.088248067;3.029231332
2442;3.038397419;3.027784056
2445;3.033412355;3.029713758
2448;3.063322743;3.030196184
2451;2.978576642;3.02955295
2454;3.043382484;3.031965078
2457;3.043382484;3.032447503
2460;3.043382484;3.033090737
2463;3.043382484;3.034538014
2466;3.063322743;3.039362271
2469;3.21785975;3.039040653
2472;3.038397419;3.033733972
2475;3.043382484;3.034698823
2478;2.804099377;3.035985291
2481;3.038397419;3.044025718
2484;3.048367549;3.044508144
2487;3.083263002;3.044347335
2490;3.043382484;3.037271759
2493;3.053352613;3.037593377
2496;2.814069506;3.037754185
2499;3.043382484;3.044990569
2502;3.048367549;3.049975634
2505;2.958636384;3.049975634
2508;3.048367549;3.052870188
2511;3.103203261;3.053191805
2514;3.053352613;3.051744528
2517;3.038397419;3.051744528
2520;3.048367549;3.045472995
2523;3.048367549;3.045794612
2526;2.843979895;3.046437846
2529;3.048367549;3.052870188
2532;3.043382484;3.052870188
2535;3.098218196;3.053674231
2538;3.048367549;3.052387762
2541;3.043382484;3.053030996
2544;3.053352613;3.054317465
2547;3.058337678;3.054639082
2550;3.063322743;3.054960699
2553;3.088248067;3.054960699
2556;3.192934426;3.053995848
2559;3.053352613;3.048367549
2562;3.053352613;3.048689166
2565;3.068307808;3.049814826
2568;3.083263002;3.058659295
2571;3.053352613;3.058016061
2574;3.053352613;3.058659295
2577;3.043382484;3.05817687
2580;2.863920154;3.058820104
2583;3.053352613;3.065413254
2586;3.058337678;3.066217297
2589;3.038397419;3.066378105
2592;3.197919491;3.067503765
2595;3.048367549;3.058980912
2598;3.048367549;3.059945764
2601;3.058337678;3.060910615
2604;3.058337678;3.073132064
2607;3.053352613;3.073453681
2610;2.843979895;3.074740149
2613;3.058337678;3.081976534
2616;3.068307808;3.082458959
2619;3.043382484;3.083263002
2622;3.048367549;3.090177769
2625;3.068307808;3.090981812
2628;3.058337678;3.09114262
2631;3.068307808;3.087604832
2634;3.083263002;3.087765641
2637;3.063322743;3.087604832
2640;3.068307808;3.079886023
2643;3.063322743;3.079886023
2646;3.058337678;3.080368448
2649;3.01845716;3.081333299
2652;3.063322743;3.077634703
2655;3.088248067;3.056568784
2658;3.342486368;3.056247167
2661;3.063322743;3.047402697
2664;3.073292872;3.047885123
2667;3.038397419;3.047724315
2670;3.063322743;3.0493324
2673;3.068307808;3.058337678
2676;3.078277937;3.058498487
2679;3.063322743;3.058337678
2682;3.073292872;3.058820104
2685;2.93371106;3.058820104
2688;3.078277937;3.063161934
2691;3.078277937;3.063805169
2694;3.437202598;3.063322743
2697;3.068307808;3.053030996
2700;3.093233131;3.045472995
2703;3.068307808;3.037110951
2706;3.073292872;3.037432568
2709;3.093233131;3.036950142
2712;3.257740268;3.0361461
2715;3.073292872;3.029713758
2718;3.073292872;3.029392141
2721;2.948666254;3.030356992
2724;3.073292872;3.035502866
2727;3.078277937;3.036467717
2730;2.824039636;3.036467717
2733;3.068307808;3.044347335
2736;3.078277937;3.045633804
2739;3.088248067;3.045955421
2742;2.903800671;3.045151378
2745;2.410279263;3.052226954
2748;3.078277937;3.067021339
2751;3.068307808;3.065091637
2754;3.078277937;3.055603933
2757;3.068307808;3.055764742
2760;3.088248067;3.056247167
2763;3.342486368;3.056247167
2766;3.073292872;3.047724315
2769;3.073292872;3.048045932
2772;3.078277937;3.057533636
2775;3.073292872;3.057694444
2778;3.068307808;3.05817687
2781;3.098218196;3.058980912
2784;3.063322743;3.079242788
2787;3.118158455;3.080046831
2790;2.834009765;3.07908198
2793;2.834009765;3.087122407
2796;3.078277937;3.095162834
2799;3.058337678;3.103203261
2802;3.068307808;3.104168112
2805;3.058337678;3.104811346
2808;3.063322743;3.10545458
2811;3.103203261;3.104328921
2814;3.108188326;3.103846495
2817;3.103203261;3.103364069
2820;3.078277937;3.095645259
2823;3.068307808;3.095966877
2826;3.108188326;3.096931728
2829;3.088248067;3.088569684
2832;3.063322743;3.088730492
2835;3.12314352;3.090499386
2838;2.868905218;3.079242788
2841;3.01845716;3.086479173
2844;2.774188988;3.111404496
2847;3.083263002;3.121857051
2850;3.083263002;3.122339477
2853;3.088248067;3.122661094
2856;3.078277937;3.122178669
2859;3.083263002;3.122661094
2862;3.367411692;3.123625945
2865;3.083263002;3.099504664
2868;3.088248067;3.099504664
2871;3.093233131;3.101755984
2874;3.726336353;3.102077601
2877;3.088248067;3.096931728
2880;3.088248067;3.097253345
2883;3.083263002;3.087444024
2886;3.083263002;3.088087258
2889;3.327531174;3.088569684
2892;3.088248067;3.081011682
2895;3.088248067;3.08567513
2898;3.078277937;3.086157556
2901;3.02842729;3.08020764
2904;3.088248067;3.082941385
2907;3.093233131;3.08342381
2910;2.863920154;3.077152277
2913;3.088248067;3.08454947
2916;3.098218196;3.085031896
2919;2.848964959;3.08567513
2922;3.093233131;3.093876365
2925;3.118158455;3.094197983
2928;2.774188988;3.09339394
2931;3.093233131;3.104328921
2934;3.791142194;3.103685686
2937;3.098218196;3.081333299
2940;3.098218196;3.081654916
2943;3.093233131;3.081815725
2946;3.073292872;3.082458959
2949;3.093233131;3.082941385
2952;3.11317339;3.089373726
2955;2.619651982;3.089052109
2958;3.083263002;3.104811346
2961;3.158038973;3.106097815
2964;3.103203261;3.104168112
2967;3.566814281;3.103364069
2970;3.098218196;3.088569684
2973;2.784159118;3.089212918
2976;3.103203261;3.099665473
2979;3.098218196;3.100147899
2982;3.093233131;3.102399218
2985;3.232814944;3.102881644
2988;3.103203261;3.099022239
2991;2.893830542;3.098700622
2994;3.11317339;3.112690965
2997;3.103203261;3.112530156
3000;2.898815607;3.113012582
3003;3.093233131;3.120088157
3006;3.103203261;3.122178669
3009;3.118158455;3.122500286
3012;3.103203261;3.122339477
3015;3.103203261;3.122178669
3018;3.093233131;3.116711178
3021;3.11317339;3.105776197
3024;3.073292872;3.105776197
3027;3.098218196;3.107223474
3030;3.108188326;3.107384283
3033;3.103203261;3.105293772
3036;3.11317339;3.092107472
3039;3.088248067;3.09226828
3042;3.292635721;3.093072323
3045;3.103203261;3.087604832
3048;3.108188326;3.088248067
3051;3.12314352;3.089052109
3054;3.098218196;3.081333299
3057;3.078277937;3.058820104
3060;3.108188326;3.059945764
3063;3.118158455;3.060267381
3066;3.108188326;3.059945764
3069;3.118158455;3.060588998
3072;3.168009102;3.060588998
3075;3.108188326;3.058980912
3078;3.11317339;3.059302529
3081;3.093233131;3.059302529
3084;3.327531174;3.060267381
3087;3.108188326;3.053835039
3090;3.118158455;3.054317465
3093;3.118158455;3.054317465
3096;3.158038973;3.054317465
3099;3.11317339;3.052870188
3102;3.11317339;3.053352613
3105;3.098218196;3.061232232
3108;2.93371106;3.062036275
3111;2.754248729;3.067986191
3114;3.11317339;3.079725214
3117;3.118158455;3.074418532
3120;3.103203261;3.074579341
3123;3.043382484;3.075222575
3126;2.694427953;3.077795512
3129;3.118158455;3.084871087
3132;3.11317339;3.085031896
3135;3.12314352;3.085353513
3138;3.12314352;3.08567513
3141;3.133113649;3.085996747
3144;2.883860413;3.097253345
3147;2.400309133;3.105132963
3150;3.11317339;3.128771819
3153;3.118158455;3.129415053
3156;3.108188326;3.13858114
3159;3.128128584;3.139224374
3162;3.118158455;3.139063565
3165;3.118158455;3.139385182
3168;3.118158455;3.134560926
3171;3.11317339;3.134721735
3174;3.12314352;3.13520416
3177;3.128128584;3.135364969
3180;3.12314352;3.13520416
3183;3.118158455;3.13632982
3186;3.118158455;3.13745548
3189;3.11317339;3.137294671
3192;3.128128584;3.137937905
3195;3.357441562;3.138098714
3198;3.12314352;3.130540713
3201;3.118158455;3.130219095
3204;3.118158455;3.126198882
3207;2.948666254;3.130701521
3210;3.12314352;3.136490629
3213;3.12314352;3.136490629
3216;3.12314352;3.136651437
3219;2.913770801;3.136812246
3222;3.12314352;3.144370247
3225;3.12314352;3.144531056
3228;3.133113649;3.140350033
3231;3.133113649;3.139706799
3234;3.482068181;3.144209438
3237;3.128128584;3.133113649
3240;3.133113649;3.133274458
3243;3.133113649;3.133274458
3246;3.402307145;3.133274458
3249;3.128128584;3.124590797
3252;3.12314352;3.124912414
3255;3.128128584;3.125234031
3258;2.968606513;3.125555648
3261;3.12314352;3.131505564
3264;3.128128584;3.131344755
3267;3.128128584;3.132309607
3270;3.12314352;3.132631224
3273;3.158038973;3.1340785
3276;3.153053908;3.133435266
3279;3.11317339;3.132952841
3282;3.133113649;3.133917692
3285;3.133113649;3.133756883
3288;3.12314352;3.136008203
3291;3.11317339;3.142279736
3294;2.993531837;3.143083779
3297;3.257740268;3.147747226
3300;3.128128584;3.143887821
3303;3.12314352;3.144370247
3306;3.128128584;3.161415952
3309;3.128128584;3.161898378
3312;3.148068843;3.162059186
3315;3.128128584;3.162059186
3318;2.993531837;3.166883443
3321;3.11317339;3.17154689
3324;3.272695462;3.17267255
3327;3.138098714;3.168652337
3330;3.133113649;3.168813145
3333;3.133113649;3.168973954
3336;3.133113649;3.169295571
3339;3.133113649;3.169295571
3342;3.138098714;3.170099613
3345;3.133113649;3.17492387
3348;3.138098714;3.175245487
3351;3.153053908;3.175406295
3354;3.118158455;3.17492387
3357;3.158038973;3.176049529
3360;3.138098714;3.175406295
3363;3.168009102;3.175727912
3366;3.138098714;3.17492387
3369;3.138098714;3.175084678
3372;3.143083779;3.175245487
3375;3.128128584;3.175084678
3378;3.202904555;3.175888721
3381;3.317561044;3.174280635
3384;3.138098714;3.168973954
3387;3.138098714;3.169777996
3390;3.138098714;3.17042123
3393;3.143083779;3.171064465
3396;3.651560382;3.171225273
3399;3.143083779;3.154983611
3402;3.133113649;3.155466036
3405;3.148068843;3.155787653
3408;3.277680526;3.155787653
3411;3.138098714;3.151606631
3414;3.148068843;3.152732291
3417;3.148068843;3.153053908
3420;3.143083779;3.152571483
3423;3.138098714;3.152732291
3426;3.143083779;3.153214717
3429;3.133113649;3.153536334
3432;3.158038973;3.154018759
3435;3.287650656;3.153857951
3438;3.143083779;3.149355312
3441;3.143083779;3.149676929
3444;3.138098714;3.149998546
3447;3.153053908;3.150480972
3450;3.138098714;3.150480972
3453;3.148068843;3.150802589
3456;3.143083779;3.122821903
3459;3.143083779;3.125716456
3462;3.143083779;3.127002925
3465;3.138098714;3.132309607
3468;3.153053908;3.127163733
3471;3.153053908;3.1208922
3474;3.153053908;3.114459859
3477;3.163024038;3.107384283
3480;3.158038973;3.108027517
3483;3.158038973;3.122661094
3486;3.148068843;3.122500286
3489;3.148068843;3.122661094
3492;3.158038973;3.122982711
3495;3.143083779;3.123465137
3498;3.148068843;3.115907135
3501;3.148068843;3.116228753
3504;3.172994167;3.116389561
3507;3.158038973;3.115263901
3510;3.133113649;3.118640881
3513;3.148068843;3.119444923
3516;3.153053908;3.119927349
3519;3.153053908;3.114459859
3522;3.148068843;3.114620667
3525;3.153053908;3.115103093
3528;3.148068843;3.112690965
3531;3.153053908;3.113012582
3534;3.153053908;3.112851773
3537;3.153053908;3.110600454
3540;3.153053908;3.110600454
3543;3.148068843;3.110118028
3546;2.28066758;3.110278837
3549;3.232814944;3.13858114
3552;3.182964297;3.137294671
3555;3.307590915;3.136651437
3558;2.978576642;3.131987989
3561;2.958636384;3.138259522
3564;2.953651319;3.144691864
3567;2.93371106;3.151285014
3570;3.182964297;3.158199781
3573;3.611679864;3.157556547
3576;3.153053908;3.143887821
3579;3.153053908;3.162059186
3582;3.158038973;3.162541612
3585;3.172994167;3.163506463
3588;2.908785736;3.163024038
3591;3.158038973;3.171386082
3594;3.153053908;3.173315784
3597;3.138098714;3.173637401
3600;3.262725332;3.174441444
3603;3.158038973;3.171225273
3606;3.163024038;3.171225273
3609;2.983561707;3.172029316
3612;3.158038973;3.177979232
3615;3.163024038;3.178300849
3618;3.078277937;3.178461657
3621;3.158038973;3.181356211
3624;3.148068843;3.182481871
3627;3.083263002;3.182964297
3630;3.153053908;3.185376425
3633;3.138098714;3.197276257
3636;3.153053908;3.198241108
3639;3.158038973;3.198884342
3642;3.192934426;3.204030215
3645;3.163024038;3.202904555
3648;3.163024038;3.203226173
3651;3.172994167;3.212392259
3654;3.158038973;3.212392259
3657;3.158038973;3.213035493
3660;3.148068843;3.213357111
3663;3.163024038;3.213678728
3666;3.187949361;3.21560843
3669;3.716366223;3.214965196
3672;3.168009102;3.197276257
3675;3.187949361;3.19695464
3678;3.158038973;3.18811017
3681;3.168009102;3.188592595
3684;3.21785975;3.180712977
3687;3.163024038;3.179426509
3690;3.163024038;3.171386082
3693;3.163024038;3.171707699
3696;3.158038973;3.16495374
3699;3.187949361;3.165596974
3702;3.168009102;3.165918591
3705;3.168009102;3.165918591
3708;3.168009102;3.1660794
3711;3.168009102;3.166401017
3714;3.192934426;3.166401017
3717;3.163024038;3.166722634
3720;3.158038973;3.166883443
3723;3.521948698;3.167365868
3726;3.168009102;3.156591696
3729;3.172994167;3.156752505
3732;3.317561044;3.150802589
3735;3.158038973;3.146139141
3738;3.172994167;3.152732291
3741;3.447172727;3.152410674
3744;3.172994167;3.143887821
3747;3.177979232;3.144209438
3750;3.168009102;3.144209438
3753;3.158038973;3.13745548
3756;3.222844814;3.138098714
3759;3.168009102;3.132631224
3762;3.168009102;3.132952841
3765;3.158038973;3.128771819
3768;2.913770801;3.129415053
3771;3.172994167;3.135686586
3774;2.92374093;3.135847394
3777;3.177979232;3.144370247
3780;2.913770801;3.144370247
3783;3.172994167;3.153053908
3786;2.953651319;3.153375525
3789;3.177979232;3.16061191
3792;3.197919491;3.16061191
3795;3.168009102;3.159003824
3798;3.172994167;3.159325441
3801;3.177979232;3.160451101
3804;3.168009102;3.160451101
3807;3.202904555;3.154501185
3810;3.168009102;3.153857951
3813;3.172994167;3.151285014
3816;3.187949361;3.151606631
3819;3.172994167;3.152410674
3822;2.988546772;3.152732291
3825;3.172994167;3.159003824
3828;3.362426627;3.159325441
3831;3.163024038;3.153536334
3834;3.182964297;3.154661994
3837;3.182964297;3.156430887
3840;3.177979232;3.156430887
3843;2.958636384;3.156591696
3846;3.177979232;3.16382808
3849;3.053352613;3.163988889
3852;3.177979232;3.162863229
3855;3.038397419;3.163184846
3858;3.177979232;3.168009102
3861;3.108188326;3.167848294
3864;3.177979232;3.170582039
3867;3.187949361;3.170903656
3870;3.177979232;3.170742848
3873;3.182964297;3.170582039
3876;3.182964297;3.170903656
3879;3.177979232;3.179908934
3882;3.177979232;3.180712977
3885;3.148068843;3.181034594
3888;3.177979232;3.165436166
3891;3.20788962;3.165918591
3894;3.177979232;3.165114549
3897;2.983561707;3.165436166
3900;3.182964297;3.17267255
3903;3.088248067;3.172833359
3906;3.182964297;3.182160254
3909;3.212874685;3.182160254
3912;3.182964297;3.182481871
3915;3.182964297;3.182803488
3918;3.182964297;3.183125105
3921;3.182964297;3.176531955
3924;3.197919491;3.176853572
3927;3.237800009;3.176210338
3930;3.182964297;3.175245487
3933;3.182964297;3.175406295
3936;3.182964297;3.175888721
3939;3.182964297;3.176210338
3942;3.01845716;3.177979232
3945;3.187949361;3.183768339
3948;3.187949361;3.185054808
3951;3.172994167;3.185054808
3954;3.192934426;3.185537233
3957;3.187949361;3.183285914
3960;3.182964297;3.183607531
3963;3.172994167;3.183768339
3966;3.192934426;3.184411573
3969;3.462127922;3.184572382
3972;3.202904555;3.175888721
3975;3.187949361;3.176210338
3978;2.664517564;3.176210338
3981;3.192934426;3.196472214
3984;3.182964297;3.196311405
3987;3.187949361;3.19695464
3990;3.20788962;3.197597874
3993;3.187949361;3.197115448
3996;3.377381821;3.196633022
3999;3.182964297;3.191004724
4002;3.222844814;3.191326341
4005;3.192934426;3.214643579
4008;3.192934426;3.214643579
4011;2.978576642;3.214804387
4014;3.192934426;3.219950261
4017;3.177979232;3.220271878
4020;3.20788962;3.22107592
4023;3.187949361;3.23876486
4026;3.197919491;3.23989052
4029;3.192934426;3.23989052
4032;3.237800009;3.23989052
4035;3.197919491;3.240212137
4038;3.227829879;3.239086477
4041;3.187949361;3.237800009
4044;3.187949361;3.238121626
4047;3.12314352;3.246966095
4050;3.197919491;3.249699841
4053;3.187949361;3.249539032
4056;3.192934426;3.250021458
4059;3.197919491;3.247930947
4062;3.192934426;3.247126904
4065;3.212874685;3.247126904
4068;3.187949361;3.246966095
4071;3.292635721;3.247448521
4074;3.187949361;3.246805287
4077;3.202904555;3.247448521
4080;3.20788962;3.247448521
4083;3.192934426;3.247287712
4086;3.172994167;3.247448521
4089;3.202904555;3.25420248
4092;3.192934426;3.254363288
4095;3.945679201;3.25420248
4098;3.192934426;3.230242007
4101;3.197919491;3.232493327
4104;3.138098714;3.224292091
4107;3.202904555;3.225900177
4110;3.202904555;3.226060985
4113;3.756246741;3.225900177
4116;3.222844814;3.208050429
4119;3.197919491;3.207568003
4122;3.192934426;3.207728812
4125;3.247770138;3.208050429
4128;3.163024038;3.206603152
4131;3.187949361;3.20788962
4134;3.197919491;3.208372046
4137;3.462127922;3.209336897
4140;3.20788962;3.201939704
4143;3.192934426;3.201778896
4146;3.202904555;3.202261321
4149;3.128128584;3.202100513
4152;3.172994167;3.205638301
4155;3.192934426;3.223488049
4158;3.20788962;3.224131283
4161;3.202904555;3.223970474
4164;3.272695462;3.235227072
4167;3.20788962;3.233136561
4170;3.202904555;3.232975752
4173;3.202904555;3.230885241
4176;3.197919491;3.23104605
4179;3.382366886;3.231850093
4182;3.20788962;3.226221794
4185;3.187949361;3.226865028
4188;3.202904555;3.227508262
4191;3.262725332;3.228151496
4194;2.943681189;3.226543411
4197;3.187949361;3.235548689
4200;3.20788962;3.236191923
4203;3.197919491;3.23651354
4206;3.202904555;3.236835157
4209;3.20788962;3.2376392
4212;3.202904555;3.237478392
4215;3.202904555;3.2376392
4218;3.202904555;3.23876486
4221;3.202904555;3.239086477
4224;3.202904555;3.239247285
4227;3.227829879;3.231367667
4230;3.232814944;3.230563624
4233;3.202904555;3.22992039
4236;3.20788962;3.230402816
4239;3.197919491;3.228312305
4242;3.237800009;3.228955539
4245;3.726336353;3.227990688
4248;3.212874685;3.211427408
4251;3.202904555;3.211105791
4254;3.551859087;3.2112666
4257;3.20788962;3.200331619
4260;3.202904555;3.173959018
4263;3.138098714;3.171868507
4266;3.20788962;3.170260422
4269;3.222844814;3.172190124
4272;3.20788962;3.173959018
4275;3.227829879;3.172511741
4278;3.20788962;3.163988889
4281;3.222844814;3.157395739
4284;3.212874685;3.157074122
4287;3.222844814;3.15176744
4290;3.20788962;3.151606631
4293;3.21785975;3.15176744
4296;3.20788962;3.151606631
4299;3.227829879;3.15176744
4302;3.202904555;3.146299949
4305;3.20788962;3.148872886
4308;3.237800009;3.149194503
4311;3.212874685;3.148712078
4314;3.20788962;3.149194503
4317;2.958636384;3.150963397
4320;3.202904555;3.158521398
4323;3.212874685;3.159164633
4326;3.21785975;3.159325441
4329;3.143083779;3.159807867
4332;3.21785975;3.163024038
4335;3.20788962;3.162863229
4338;3.212874685;3.163024038
4341;3.202904555;3.162702421
4344;3.20788962;3.163184846
4347;3.212874685;3.163345655
4350;2.390339004;3.16382808
4353;3.138098714;3.190683106
4356;3.088248067;3.193256043
4359;3.267710397;3.197758682
4362;3.277680526;3.195989788
4365;3.163024038;3.195024937
4368;2.963621448;3.196793831
4371;3.003501966;3.204834258
4374;3.212874685;3.231528476
4377;3.048367549;3.231689284
4380;3.21785975;3.23217171
4383;3.212874685;3.232332518
4386;3.212874685;3.234423029
4389;3.212874685;3.234583838
4392;3.058337678;3.227508262
4395;3.282665591;3.232654135
4398;3.21785975;3.228151496
4401;3.222844814;3.228312305
4404;3.227829879;3.216573281
4407;3.262725332;3.215930047
4410;3.192934426;3.214643579
4413;3.222844814;3.216251664
4416;3.21785975;3.216090856
4419;3.232814944;3.224774517
4422;3.242785073;3.224613708
4425;3.212874685;3.223970474
4428;3.212874685;3.223648857
4431;3.202904555;3.224131283
4434;3.21785975;3.224774517
4437;3.212874685;3.225096134
4440;3.227829879;3.225739368
4443;3.222844814;3.22557856
4446;3.21785975;3.220593495
4449;3.227829879;3.220915112
4452;3.212874685;3.229437965
4455;3.247770138;3.229759582
4458;3.21785975;3.229116347
4461;3.212874685;3.229759582
4464;3.831022712;3.230081199
4467;3.21785975;3.215286813
4470;3.063322743;3.215930047
4473;3.222844814;3.22107592
4476;3.277680526;3.220593495
4479;3.21785975;3.21673409
4482;2.993531837;3.21785975
4485;3.21785975;3.225417751
4488;3.143083779;3.22557856
4491;3.222844814;3.228151496
4494;2.858935089;3.197276257
4497;3.20788962;3.206924769
4500;3.222844814;3.207568003
4503;3.242785073;3.20676396
4506;3.21785975;3.206442343
4509;3.487053245;3.206603152
4512;3.227829879;3.198241108
4515;3.222844814;3.206281535
4518;3.202904555;3.208693663
4521;3.227829879;3.210623365
4524;3.222844814;3.210301748
4527;3.227829879;3.210623365
4530;3.232814944;3.210623365
4533;3.222844814;3.210462557
4536;3.068307808;3.208693663
4539;3.227829879;3.21560843
4542;3.49203831;3.215447622
4545;3.222844814;3.207085578
4548;3.227829879;3.207246386
4551;3.237800009;3.207246386
4554;3.222844814;3.207085578
4557;3.372396756;3.207246386
4560;3.237800009;3.202582938
4563;3.222844814;3.202261321
4566;3.20788962;3.208372046
4569;3.158038973;3.228151496
4572;3.252755203;3.226221794
4575;3.227829879;3.226221794
4578;3.222844814;3.227186645
4581;3.222844814;3.227990688
4584;2.265712386;3.227990688
4587;3.158038973;3.259026736
4590;3.227829879;3.26192129
4593;3.197919491;3.262564524
4596;3.232814944;3.263046949
4599;3.222844814;3.263368566
4602;3.227829879;3.263529375
4605;3.477083116;3.263046949
4608;3.297620785;3.254524097
4611;3.262725332;3.252755203
4614;3.21785975;3.252433586
4617;3.232814944;3.25307682
4620;3.227829879;3.253880863
4623;3.227829879;3.253237628
4626;3.168009102;3.266745546
4629;3.282665591;3.270926568
4632;3.222844814;3.269479291
4635;3.232814944;3.269961717
4638;3.227829879;3.269640099
4641;3.227829879;3.269640099
4644;3.232814944;3.267710397
4647;3.227829879;3.267871206
4650;3.227829879;3.267871206
4653;3.227829879;3.267710397
4656;3.412277274;3.26079563
4659;3.821052582;3.255006522
4662;3.098218196;3.235870306
4665;3.252755203;3.240855371
4668;3.257740268;3.240212137
4671;3.247770138;3.239568903
4674;3.222844814;3.235066263
4677;3.227829879;3.235548689
4680;3.247770138;3.236031115
4683;3.247770138;3.233136561
4686;3.212874685;3.232654135
4689;3.242785073;3.233618987
4692;3.227829879;3.23329737
4695;3.212874685;3.234423029
4698;3.212874685;3.234423029
4701;3.242785073;3.235870306
4704;3.252755203;3.235709498
4707;3.237800009;3.236031115
4710;3.257740268;3.235709498
4713;3.20788962;3.235709498
4716;3.646575317;3.236674349
4719;3.297620785;3.223809666
4722;3.237800009;3.221719155
4725;3.237800009;3.211105791
4728;3.222844814;3.211427408
4731;3.227829879;3.211909834
4734;3.168009102;3.212713876
4737;3.237800009;3.214965196
4740;3.227829879;3.215769239
4743;3.222844814;3.216412473
4746;3.013472096;3.215447622
4749;3.232814944;3.222844814
4752;3.227829879;3.191969575
4755;3.252755203;3.191647958
4758;3.232814944;3.191165532
4761;3.237800009;3.192291192
4764;3.108188326;3.192291192
4767;3.237800009;3.196472214
4770;3.242785073;3.197115448
4773;3.158038973;3.197276257
4776;3.232814944;3.200010002
4779;3.242785073;3.200653236
4782;3.232814944;3.200814044
4785;3.262725332;3.201135662
4788;3.212874685;3.201457279
4791;3.257740268;3.202261321
4794;3.237800009;3.201778896
4797;3.262725332;3.198080299
4800;3.227829879;3.197597874
4803;3.257740268;3.198080299
4806;3.237800009;3.194864128
4809;3.247770138;3.19470332
4812;3.232814944;3.194381703
4815;2.908785736;3.192773617
4818;3.247770138;3.203386981
4821;3.237800009;3.203386981
4824;3.252755203;3.203386981
4827;3.237800009;3.203226173
4830;3.262725332;3.20354779
4833;3.247770138;3.204351832
4836;3.192934426;3.203708598
4839;3.242785073;3.205316684
4842;2.275682515;3.205316684
4845;3.21785975;3.236995966
4848;3.237800009;3.237478392
4851;3.267710397;3.237800009
4854;3.237800009;3.237156774
4857;3.237800009;3.2376392
4860;3.257740268;3.238443243
4863;3.247770138;3.238121626
4866;3.242785073;3.237960817
4869;3.252755203;3.237960817
4872;3.247770138;3.236352732
4875;3.242785073;3.229759582
4878;3.272695462;3.230081199
4881;3.237800009;3.230081199
4884;3.242785073;3.230242007
4887;3.12314352;3.230242007
4890;3.247770138;3.234101412
4893;3.242785073;3.234101412
4896;3.158038973;3.234101412
4899;3.232814944;3.236995966
4902;3.237800009;3.237317583
4905;3.182964297;3.237478392
4908;3.237800009;3.239408094
4911;3.247770138;3.239729711
4914;3.237800009;3.23989052
4917;3.247770138;3.240051328
4920;3.247770138;3.23989052
4923;3.287650656;3.239247285
4926;3.227829879;3.232814944
4929;3.242785073;3.233458178
4932;3.242785073;3.222523197
4935;3.257740268;3.222684006
4938;3.232814944;3.222523197
4941;3.247770138;3.223005623
4944;3.247770138;3.22332724
4947;3.252755203;3.223488049
4950;3.262725332;3.224131283
4953;3.247770138;3.2244529
4956;3.242785073;3.225256943
4959;3.242785073;3.224935325
4962;3.202904555;3.225096134
4965;3.043382484;3.226382602
4968;3.252755203;3.233779795
4971;3.272695462;3.23329737
4974;3.242785073;3.232654135
4977;3.242785073;3.233618987
4980;3.242785073;3.232975752
4983;3.247770138;3.233618987
4986;3.242785073;3.233136561
4989;3.247770138;3.234101412
4992;3.242785073;3.235066263
4995;3.242785073;3.236352732
4998;3.242785073;3.230885241
5001;3.247770138;3.228955539
5004;3.252755203;3.232332518
5007;3.242785073;3.250021458
5010;3.242785073;3.267871206
5013;3.227829879;3.271730611
5016;3.088248067;3.270926568
5019;3.247770138;3.299872105
5022;2.903800671;3.302123425
5025;3.247770138;3.313058405
5028;3.252755203;3.313058405
5031;3.247770138;3.313058405
5034;3.257740268;3.313219214
5037;3.252755203;3.313058405
5040;3.272695462;3.313219214
5043;3.272695462;3.31257598
5046;3.272695462;3.312093554
5049;3.232814944;3.311611128
5052;3.247770138;3.312415171
5055;3.242785073;3.312415171
5058;3.272695462;3.312897597
5061;3.237800009;3.31257598
5064;3.252755203;3.313058405
5067;3.272695462;3.313862448
5070;3.222844814;3.307108489
5073;3.262725332;3.305822021
5076;3.232814944;3.274303547
5079;3.272695462;3.27510759
5082;3.277680526;3.274464356
5085;3.282665591;3.273177887
5088;3.073292872;3.271891419
5091;3.182964297;3.277358909
5094;3.352456497;3.276072441
5097;3.801112324;3.27285627
5100;3.796127259;3.255328139
5103;3.362426627;3.238121626
5106;3.202904555;3.234744646
5109;3.985559719;3.237156774
5112;3.317561044;3.208372046
5115;3.242785073;3.212553068
5118;3.247770138;3.213196302
5121;3.252755203;3.213517919
5124;3.252755203;3.213839536
5127;3.252755203;3.213678728
5130;3.257740268;3.214000345
5133;3.252755203;3.214965196
5136;3.257740268;3.215447622
5139;3.257740268;3.243749925
5142;3.257740268;3.249217415
5145;3.247770138;3.249378223
5148;3.257740268;3.249699841
5151;3.262725332;3.249699841
5154;3.252755203;3.249860649
5157;3.277680526;3.249699841
5160;3.063322743;3.241498605
5163;3.182964297;3.261438864
5166;2.285652644;3.264011801
5169;3.257740268;3.295208657
5172;3.252755203;3.295208657
5175;3.237800009;3.289097933
5178;3.242785073;3.289901976
5181;3.242785073;3.290706018
5184;3.143083779;3.291670869
5187;3.252755203;3.288133082
5190;3.257740268;3.28829389
5193;3.262725332;3.288454699
5196;3.257740268;3.295369466
5199;3.277680526;3.295369466
5202;3.093233131;3.295047849
5205;3.447172727;3.300515339
5208;3.262725332;3.294565423
5211;3.257740268;3.29488704
5214;3.262725332;3.295208657
5217;3.247770138;3.29488704
5220;3.262725332;3.295047849
5223;3.287650656;3.295047849
5226;3.267710397;3.294243806
5229;4.135111661;3.291510061
5232;3.427232469;3.263207758
5235;3.262725332;3.25741865
5238;3.257740268;3.257257842
5241;3.257740268;3.257579459
5244;3.267710397;3.255810565
5247;3.247770138;3.255649757
5250;3.023442225;3.257097033
5253;3.68147077;3.264815843
5256;3.262725332;3.251147117
5259;3.252755203;3.249217415
5262;3.257740268;3.249699841
5265;3.063322743;3.249217415
5268;3.262725332;3.255649757
5271;3.267710397;3.247930947
5274;3.272695462;3.24760933
5277;3.033412355;3.240212137
5280;3.257740268;3.24760933
5283;3.262725332;3.247287712
5286;3.477083116;3.247126904
5289;3.257740268;3.240212137
5292;3.267710397;3.23989052
5295;3.262725332;3.23989052
5298;3.262725332;3.246966095
5301;3.272695462;3.246644478
5304;3.267710397;3.24648367
5307;3.252755203;3.247287712
5310;3.252755203;3.247105463
5313;3.262725332;3.246910644
5316;3.262725332;3.246345834
5319;3.182964297;3.245739186
5322;3.257740268;3.248153605
5325;3.247770138;3.247770138
5328;3.257740268;3.247770138
5331;3.267710397;3.247336654
5334;3.202904555;3.246410575
5337;3.262725332;3.24848229
5340;3.292635721;3.247770138
5343;3.262725332;3.245408792
5346;3.257740268;3.244446762
5349;3.202904555;3.243664791
5352;3.267710397;3.246212305
5355;3.242785073;3.244779099
5358;3.262725332;3.24492153
5361;3.023442225;3.243552006
5364;3.257740268;3.261894488
5367;3.043382484;3.262272145
5370;3.262725332;3.284161111
5373;3.247770138;3.286542864
5376;3.257740268;3.291389455
5379;3.262725332;3.296196481
5382;3.247770138;3.301775006
5385;3.267710397;3.31257598
5388;3.482068181;3.323792375
5391;3.252755203;3.271033774
5394;3.267710397;3.280173059
5397;3.292635721;3.292635721
